Date(s) conducted,Pollster,Client,Area,Sample size,Labour,Conservative,Reform,Liberal Democrats,Green,SNP,Plaid Cymru,Others,Lead,Date
22–24 Apr,Opinium,The Observer,GB,2050.0,19,17,28,12,15,2,1,5,9,2026-04-24
22–23 Apr,Find Out Now,,GB,2656.0,15,16,25,11,21,3,2,7,4,2026-04-23
19–20 Apr,YouGov,The Times/Sky News,GB,2472.0,16,17,27,14,17,3,1,5 RB 3 YP 0 Other 2,10,2026-04-20
17–20 Apr,More in Common,,GB,2235.0,20,22,27,11,12,3,1,5,5,2026-04-20
15–17 Apr,Opinium,The Observer,GB,2014.0,22,17,26,11,15,3,1,5,4,2026-04-17
15–16 Apr,Find Out Now,Restore Britain,GB,2284.0,17,18,21,11,18,3,1,13 RB 9 YP 1 Other 3,3,2026-04-16
15 Apr,Find Out Now,,GB,2032.0,16,17,26,11,20,3,1,6,6,2026-04-15
9–15 Apr,Ipsos,,GB,1044.0,19,19,25,14,17,2,1,4 RB 3 Other 1,6,2026-04-15
12–13 Apr,YouGov,The Times/Sky News,GB,2367.0,17,19,24,13,18,3,1,6 RB 4 YP 0 Other 2,5,2026-04-13
10–13 Apr,More in Common,,GB,2011.0,21,22,25,12,13,2,0,3,3,2026-04-13
10–12 Apr,Freshwater Strategy,City AM,GB,1250.0,22,19,26,13,15,2,—,4,4,2026-04-12
8–9 Apr,JL Partners,The Spectator,GB,3506.0,21,18,28,11,14,3,1,4,7,2026-04-09
8 Apr,Find Out Now,,GB,2869.0,16,17,25,11,20,3,2,7,5,2026-04-08
6–7 Apr,YouGov,The Times/Sky News,GB,2320.0,16,19,24,13,16,3,1,7 RB 4 YP 1 Other 2,5,2026-04-07
2–7 Apr,More in Common,,GB,2009.0,20,19,30,12,12,2,1,3,10,2026-04-07
27 Mar – 7 Apr,Find Out Now/ Electoral Calculus,PLMR,GB,5599.0,17,21,24,11,15,3,1,8,3,2026-04-07
1–2 Apr,Find Out Now,,GB,2330.0,15,18,26,10,20,3,1,7,6,2026-04-02
27 Mar – 1 Apr,Good Growth Foundation,,GB,2005.0,20,19,27,12,15,2,1,4,7,2026-04-01
29–30 Mar,YouGov,The Times/Sky News,GB,2368.0,18,19,23,12,19,3,1,5,4,2026-03-30
28–30 Mar,More in Common,,GB,2003.0,19,21,30,11,12,2,1,4,9,2026-03-30
26–30 Mar,Lord Ashcroft Polls,,GB,5447.0,17,21,21,9,21,3,1,7,Tie,2026-03-30
1–30 Mar,More in Common,The Times,GB,15482.0,20,21,28,13,12,2,1,3,7,2026-03-30
26–27 Mar,Find Out Now,,GB,3092.0,16,18,24,12,20,3,1,7,4,2026-03-27
25–26 Mar,BMG Research,The i Paper,GB,1507.0,19,18,28,12,16,2,1,4,9,2026-03-26
25 Mar,Find Out Now,Restore Britain,GB,2948.0,16,16,25,10,19,3,1,11 RB 8 YP 1 WPB 0 Other 2,6,2026-03-25
22–23 Mar,YouGov,The Times/Sky News,GB,2435.0,19,17,23,13,18,4,1,4,4,2026-03-23
20–23 Mar,Verian,,GB,1236.0,15,18,25,14,20,2,2,5,5,2026-03-23
20–22 Mar,More in Common,,GB,2408.0,19,20,27,14,12,3,1,4,7,2026-03-22
18–20 Mar,Opinium,The Observer,GB,2050.0,21,17,27,12,15,3,1,5,6,2026-03-20
18 Mar,Find Out Now,,GB,2549.0,16,17,25,11,19,3,1,7,6,2026-03-18
15–16 Mar,YouGov,The Times/Sky News,GB,2329.0,17,17,25,14,19,2,1,4,6,2026-03-16
13–16 Mar,More in Common,,GB,2402.0,20,21,28,12,13,2,1,4,7,2026-03-16
10–12 Mar,Techne,,UK,1639.0,17,18,27,14,17,3,—,4,9,2026-03-12
11 Mar,Find Out Now,,GB,2793.0,15,17,26,11,21,3,1,7,5,2026-03-11
5–11 Mar,Ipsos,,GB,1062.0,21,17,28,9,17,4,0,4,7,2026-03-11
9–10 Mar,YouGov,The Times/Sky News,GB,2246.0,17,19,23,14,19,2,2,4,4,2026-03-10
6–10 Mar,Focaldata,,GB,1086.0,20,18,27,14,13,2,1,5 Ind 2 RB 2 YP <1 WPB 0 Other 1,7,2026-03-10
6–9 Mar,More in Common,,GB,2112.0,22,19,30,13,11,2,1,3,8,2026-03-09
4–6 Mar,Opinium,The Observer,GB,2050.0,21,16,29,10,14,3,1,5,8,2026-03-06
4–6 Mar,Find Out Now,,GB,2548.0,15,17,27,10,21,2,1,6,6,2026-03-06
5 Mar,Survation,,UK,1045.0,21,18,29,10,12,2,2,5,8,2026-03-05
4–5 Mar,BMG Research,The i Paper,GB,1503.0,20,18,27,12,14,2,0,6,7,2026-03-05
2–5 Mar,JL Partners,The Sun,GB,2573.0,20,20,27,12,14,3,1,4,7,2026-03-05
1–2 Mar,YouGov,The Times/Sky News,GB,2073.0,16,16,23,14,21,3,1,5,2,2026-03-02
27 Feb – 2 Mar,More in Common,,GB,2010.0,18,19,29,14,14,3,1,3,10,2026-03-02
27 Feb – 1 Mar,Freshwater Strategy,City AM,GB,1221.0,18,18,30,13,15,3,—,3,12,2026-03-01
25–27 Feb,Opinium,The Observer,GB,2050.0,18,18,30,12,13,3,0,6,12,2026-02-27
25 Feb,Find Out Now,,GB,2442.0,15,18,26,12,18,3,1,7,8,2026-02-25
22–23 Feb,YouGov,,GB,2325.0,18,18,24,14,17,3,1,4,6,2026-02-23
20–23 Feb,More in Common,,GB,2015.0,22,20,28,14,11,2,1,2,6,2026-02-23
19–23 Feb,Lord Ashcroft Polls,,GB,5576.0,17,20,22,11,19,3,1,6,2,2026-02-23
18 Feb,Find Out Now,,GB,2178.0,16,16,28,10,18,3,2,7,10,2026-02-18
13–17 Feb,More in Common,,GB,2108.0,22,21,28,11,12,3,1,2,6,2026-02-17
15–16 Feb,YouGov,,GB,2384.0,19,18,24,13,17,3,1,4,5,2026-02-16
13–16 Feb,Good Growth Foundation,,GB,2000.0,21,20,28,12,12,3,1,3,7,2026-02-16
11–12 Feb,Techne,,UK,1644.0,17,19,30,14,15,2,—,3,11,2026-02-12
4–12 Feb,JL Partners,The Sun,GB,2006.0,23,19,31,12,9,2,1,6,8,2026-02-12
11 Feb,Find Out Now,,GB,1394.0,16,19,29,11,18,3,1,4,10,2026-02-11
6–10 Feb,More in Common,,GB,2035.0,23,21,30,12,10,2,1,2,7,2026-02-10
8–9 Feb,YouGov,,GB,2466.0,19,18,27,14,16,3,2,2,8,2026-02-09
4–6 Feb,Opinium,The Observer,GB,2054.0,23,16,31,10,13,2,1,3,8,2026-02-06
4 Feb,Find Out Now,,GB,2264.0,16,18,31,11,18,2,1,3,13,2026-02-04
1–2 Feb,YouGov,The Times/Sky News,GB,2330.0,19,18,26,14,17,3,2,2,7,2026-02-02
31 Jan – 2 Feb,More in Common,,GB,2005.0,21,20,30,14,10,3,1,2,9,2026-02-02
30 Jan – 1 Feb,Freshwater Strategy,City AM,GB,1250.0,17,22,30,14,14,2,—,1,8,2026-02-01
28–29 Jan,BMG Research,The i Paper,GB,1513.0,20,17,32,11,13,3,1,3,12,2026-01-29
28–29 Jan,Survation,,UK,1016.0,18,20,31,12,12,3,0,4,11,2026-01-29
28 Jan,Find Out Now,,GB,1799.0,17,17,29,11,19,3,1,3,10,2026-01-28
22–27 Jan,Ipsos,,GB,1104.0,22,19,30,12,12,2,2,1,8,2026-01-27
25–26 Jan,YouGov,The Times/Sky News,GB,2429.0,21,17,25,14,16,3,1,2,4,2026-01-26
23–25 Jan,More in Common,,GB,2016.0,22,20,29,13,10,3,1,3,7,2026-01-25
21–23 Jan,Opinium,The Observer,GB,2050.0,22,17,31,13,11,3,1,3,9,2026-01-23
21 Jan,Find Out Now,,GB,1385.0,14,18,32,11,17,3,1,3,14,2026-01-21
18–19 Jan,YouGov,The Times/Sky News,GB,2335.0,19,18,24,14,17,3,1,3,5,2026-01-19
16–19 Jan,Focaldata,,GB,1585.0,21,20,26,14,10,3,1,4,5,2026-01-19
16–19 Jan,More in Common,,GB,2007.0,20,21,31,13,11,2,0,1,10,2026-01-19
15–19 Jan,Lord Ashcroft Polls,,GB,5448.0,18,21,25,11,18,3,1,4,4,2026-01-19
14–15 Jan,Techne,,UK,1636.0,19,20,28,15,13,2,—,3,8,2026-01-15
14 Jan,Find Out Now,,GB,1592.0,15,19,28,12,18,3,1,3,9,2026-01-14
10–14 Jan,Survation,,UK,1616.0,21,19,29,11,11,2,1,4,8,2026-01-14
10–13 Jan,More in Common,,GB,2036.0,19,21,31,12,12,2,1,2,10,2026-01-13
11–12 Jan,YouGov,The Times/Sky News,GB,2259.0,19,20,24,16,14,4,1,2,4,2026-01-12
9–11 Jan,Freshwater Strategy,City AM,GB,1250.0,19,19,33,11,12,2,—,3,14,2026-01-11
7–9 Jan,Opinium,The Observer,GB,2050.0,20,18,31,12,13,2,1,3,11,2026-01-09
14 Dec – 9 Jan,YouGov,,GB,17230.0,18,19,26,14,15,3,1,2,7,2026-01-09
7–8 Jan,Find Out Now,,GB,2422.0,15,18,32,12,17,3,1,2,14,2026-01-08
4–5 Jan,YouGov,The Times/Sky News,GB,2343.0,17,19,26,16,15,4,1,2,7,2026-01-05
2–5 Jan,More in Common,,GB,2021.0,19,23,31,12,10,2,1,2,8,2026-01-05
31 Dec,Find Out Now,,GB,2930.0,15,17,31,12,17,3,2,4,14,2025-12-31
24 Dec,Find Out Now,,GB,2879.0,14,18,30,12,17,3,1,4,12,2025-12-24
19–23 Dec,More in Common,,GB,2026.0,21,22,28,13,9,3,1,3,6,2025-12-23
21–22 Dec,YouGov,,GB,2266.0,20,19,25,15,15,3,1,2,5,2025-12-22
16–18 Dec,Deltapoll,The Mirror,GB,1997.0,20,19,30,14,10,3,1,2,10,2025-12-18
17 Dec,Find Out Now,,GB,1909.0,14,18,33,11,17,2,1,3,15,2025-12-17
12–16 Dec,More in Common,,GB,1582.0,21,20,29,12,11,3,1,3,8,2025-12-16
27 Nov – 16 Dec,More in Common,The Times,GB,16083.0,20,21,31,11,12,3,1,2,10,2025-12-16
14–15 Dec,YouGov,,GB,2322.0,18,17,28,14,17,4,1,2,10,2025-12-15
12–15 Dec,Verian,,GB,1427.0,18,21,27,15,13,3,1,2,6,2025-12-15
11–15 Dec,Lord Ashcroft Polls,Mail on Sunday,GB,5196.0,18,22,25,10,19,3,1,3,3,2025-12-15
10–12 Dec,Opinium,The Observer,GB,2053.0,20,18,31,13,12,3,1,2,11,2025-12-12
10 Dec,Find Out Now,,GB,2363.0,14,18,30,12,18,3,1,3,12,2025-12-10
7–8 Dec,YouGov,,GB,2303.0,19,18,27,14,15,3,2,2,8,2025-12-08
4–8 Dec,More in Common,,GB,2009.0,20,21,30,14,10,3,0,2,9,2025-12-08
1–8 Dec,Find Out Now/ Electoral Calculus,PLMR,GB,5598.0,17,21,31,11,12,3,1,4 YP 2 Other 2,10,2025-12-08
3 Dec,Find Out Now,,GB,2591.0,14,20,31,11,18,3,1,3,11,2025-12-03
30 Nov – 1 Dec,YouGov,,GB,2366.0,19,19,26,14,16,3,1,2,7,2025-12-01
29 Nov – 1 Dec,JL Partners,The Sun,GB,1537.0,22,20,29,11,10,3,1,4,7,2025-12-01
28 Nov – 1 Dec,More in Common,,GB,2114.0,21,21,30,13,11,2,1,1,9,2025-12-01
28–30 Nov,Freshwater Strategy,City AM,GB,1558.0,19,20,31,15,12,2,—,2,11,2025-11-30
26–28 Nov,Focaldata,,GB,1343.0,20,18,29,13,12,3,1,3,9,2025-11-28
26–28 Nov,Opinium,The Observer,GB,2050.0,21,17,31,11,13,3,1,3,10,2025-11-28
26–27 Nov,BMG Research,The i Paper,GB,1548.0,22,20,30,12,12,2,1,2,8,2025-11-27
26 Nov,Find Out Now,,GB,2555.0,15,18,31,12,17,3,1,2,13,2025-11-26
23–24 Nov,YouGov,The Times/Sky News,GB,2399.0,19,18,25,15,16,3,1,3,6,2025-11-24
22–24 Nov,More in Common,,GB,2062.0,21,19,30,14,10,3,1,3,9,2025-11-24
19–21 Nov,Opinium,The Observer,GB,2050.0,19,17,32,13,12,3,1,3,13,2025-11-21
18–21 Nov,Focaldata,,GB,1725.0,20,20,28,13,10,3,1,4,8,2025-11-21
19 Nov,Find Out Now,,GB,2566.0,16,17,32,11,18,2,1,3,14,2025-11-19
16–20 Nov,Survation,,UK,2082.0,22,18,29,12,11,2,1,4,7,2025-11-20
16–17 Nov,YouGov,The Times/Sky News,GB,2355.0,19,17,27,13,17,3,2,2,8,2025-11-17
14–17 Nov,More in Common,,GB,2052.0,20,20,30,14,11,3,1,2,10,2025-11-17
13–17 Nov,Lord Ashcroft Polls,,GB,5038.0,18,20,27,11,18,2,1,3,7,2025-11-17
12 Nov,Find Out Now,,GB,2011.0,15,16,33,11,17,3,2,3,16,2025-11-12
9–10 Nov,YouGov,The Times/Sky News,GB,2366.0,19,18,26,14,15,3,2,3,7,2025-11-10
7–10 Nov,More in Common,,GB,2011.0,20,19,31,14,12,2,1,3,11,2025-11-10
7–9 Nov,Freshwater Strategy,City AM,GB,1250.0,17,19,32,13,13,3,—,3,13,2025-11-09
5–7 Nov,Opinium,The Observer,GB,2050.0,20,17,33,12,11,3,1,3,13,2025-11-07
5–6 Nov,Find Out Now,,GB,2717.0,15,16,33,11,18,3,1,3,15,2025-11-06
30 Oct – 5 Nov,Ipsos,,GB,1148.0,18,16,33,12,15,4,1,1,15,2025-11-05
2–3 Nov,YouGov,The Times/Sky News,GB,2376.0,20,16,27,15,16,3,1,2,7,2025-11-03
31 Oct – 3 Nov,More in Common,,GB,2031.0,18,19,31,13,12,2,1,3,12,2025-11-03
31 Oct – 2 Nov,JL Partners,The Sun,GB,1505.0,23,17,30,12,10,3,1,5,7,2025-11-02
29 Oct,Find Out Now,,GB,3065.0,16,16,32,12,17,2,1,3,15,2025-10-29
26–27 Oct,YouGov,The Times/Sky News,GB,2389.0,17,17,27,15,16,3,1,3,10,2025-10-27
24–27 Oct,More in Common,,GB,2030.0,21,18,33,12,11,2,1,1,12,2025-10-27
22–24 Oct,Opinium,The Observer,GB,2030.0,20,18,30,12,12,3,1,4,10,2025-10-24
22–23 Oct,Techne,,UK,1647.0,19,18,29,16,12,3,—,3,10,2025-10-23
22 Oct,Find Out Now,,GB,2635.0,16,17,32,12,15,3,1,4,15,2025-10-22
19–20 Oct,YouGov,The Times/Sky News,GB,2396.0,20,17,26,15,15,4,1,2,6,2025-10-20
17–20 Oct,More in Common,,GB,2084.0,22,19,31,13,10,2,1,2,9,2025-10-20
16–20 Oct,Lord Ashcroft Polls,,GB,5038.0,19,19,28,10,17,2,1,4,9,2025-10-20
8–17 Oct,Focaldata,,GB,2057.0,21,19,30,13,9,3,1,5,9,2025-10-17
15 Oct,Find Out Now,,GB,2705.0,15,17,32,12,15,3,1,4,15,2025-10-15
12–13 Oct,YouGov,,GB,2321.0,20,17,27,16,13,3,1,3,7,2025-10-13
10–13 Oct,More in Common,,GB,2004.0,22,20,30,15,9,3,0,2,8,2025-10-13
8–10 Oct,Opinium,The Observer,GB,2050.0,22,18,32,11,10,3,1,3,10,2025-10-10
8 Oct,Find Out Now,,GB,2668.0,17,17,32,12,15,3,1,4,15,2025-10-08
5–6 Oct,YouGov,The Times/Sky News,GB,2333.0,20,17,27,17,12,4,1,3,7,2025-10-06
3–6 Oct,More in Common,,GB,2003.0,20,19,33,14,8,3,1,3,13,2025-10-06
3–5 Oct,Freshwater Strategy,City AM,GB,1251.0,20,18,35,14,8,3,—,2,15,2025-10-05
1–3 Oct,Opinium,The Observer,GB,2050.0,21,16,34,12,10,2,1,4,13,2025-10-03
26 Sep – 3 Oct,JL Partners,,GB,6083.0,21,19,31,13,8,3,1,4,10,2025-10-03
1 Oct,Find Out Now,,GB,2611.0,19,14,35,12,11,3,1,4,16,2025-10-01
19 Sep – 1 Oct,Focaldata,,GB,2014.0,21,20,29,14,10,2,1,4,8,2025-10-01
28–29 Sep,YouGov,The Times/Sky News,GB,2585.0,22,16,29,15,11,3,1,3,7,2025-09-29
26–29 Sep,More in Common,,GB,1562.0,20,20,30,14,8,3,0,4,10,2025-09-29
24–26 Sep,Opinium,The Observer,GB,2050.0,22,17,32,14,7,3,1,4,10,2025-09-26
24–25 Sep,Survation,Daily Mail,UK,2027.0,22,17,34,11,8,3,1,4,12,2025-09-25
24 Sep,Find Out Now,,GB,2665.0,17,14,33,16,12,3,1,5,16,2025-09-24
31 Aug – 24 Sep,YouGov,The Times/Sky News,GB,13000.0,21,17,27,15,11,3,1,5,6,2025-09-24
21–22 Sep,YouGov,The Times/Sky News,GB,2348.0,21,16,29,14,12,3,1,4,8,2025-09-22
19–22 Sep,More in Common,,GB,2055.0,25,20,28,13,8,2,0,3,3,2025-09-22
17–19 Sep,Opinium,The Observer,GB,2050.0,22,17,31,12,10,3,1,4,9,2025-09-19
17–18 Sep,Techne,,UK,1635.0,20,19,30,15,9,3,—,4,10,2025-09-18
17–18 Sep,Find Out Now,,GB,4795.0,16,16,34,13,12,3,1,5,18,2025-09-18
11–17 Sep,Ipsos,,GB,1157.0,22,14,34,12,12,2,1,3,12,2025-09-17
14–15 Sep,YouGov,The Times/Sky News,GB,2384.0,20,17,29,15,10,3,1,4,9,2025-09-15
12–15 Sep,More in Common,,GB,2037.0,22,18,31,14,8,3,1,4,9,2025-09-15
11–15 Sep,Lord Ashcroft Polls,,GB,5082.0,22,20,27,10,13,2,1,6,5,2025-09-15
8 Aug – 15 Sep,More in Common,The Times[173],GB,19520.0,21,19,31,15,8,2,1,4,10,2025-09-15
1 Aug – 11 Sep,Focaldata,Dale Vince/Hope Not Hate,TBA,45335.0,23,18,29,12,9,TBA,TBA,TBA,6,2025-09-11
10 Sep,Find Out Now,,GB,2717.0,19,15,34,12,12,2,1,6,15,2025-09-10
7–8 Sep,YouGov,The Times/Sky News,GB,2500.0,22,17,27,15,12,3,1,3,5,2025-09-08
5–8 Sep,More in Common,,GB,2106.0,21,18,32,13,8,3,1,3,11,2025-09-08
3–5 Sep,Opinium,The Observer,GB,2050.0,23,18,30,12,10,2,1,4,7,2025-09-05
1–4 Sep,Techne,,UK,1644.0,21,18,31,14,10,2,—,4,10,2025-09-04
3 Sep,Find Out Now,,GB,2576.0,19,17,32,13,11,2,1,5,13,2025-09-03
28 Aug – 2 Sep,Survation,,UK,1818.0,24,19,30,11,8,3,0,3,6,2025-09-02
31 Aug – 1 Sep,YouGov,The Times/Sky News,GB,2523.0,20,17,29,15,10,3,1,5,9,2025-09-01
29 Aug – 1 Sep,More in Common,,GB,2042.0,21,18,31,13,8,3,1,6,10,2025-09-01
21 Aug – 1 Sep,Survation,38 Degrees[185],UK,8546.0,25,19,29,12,7,3,1,4 SF 0 DUP 1 APNI 0  UUP 1  SDLP 0  TUV 0 PBP 0 Other 2,4,2025-09-01
29–31 Aug,Freshwater Strategy,City AM,GB,1251.0,20,17,33,15,7,3,—,4,13,2025-08-31
19–31 Aug,JL Partners,The Sun,GB,2118.0,22,18,32,12,7,2,1,6,10,2025-08-31
26–28 Aug,BMG Research,The i Paper,GB,1504.0,20,17,35,13,7,2,1,4,15,2025-08-28
27 Aug,Find Out Now,,GB,2538.0,18,15,34,13,10,2,1,6,16,2025-08-27
25–26 Aug,YouGov,The Times/Sky News,GB,2439.0,20,17,28,16,11,3,1,4,8,2025-08-26
22–26 Aug,More in Common,,GB,2032.0,22,18,30,14,7,3,1,5,8,2025-08-26
20–22 Aug,Opinium,The Observer,GB,2050.0,23,17,29,14,9,3,1,5,6,2025-08-22
20 Aug,Find Out Now,,GB,2615.0,18,17,33,12,10,3,1,6,15,2025-08-20
15–19 Aug,Focaldata,,GB,1500.0,24,18,29,14,8,2,1,4,5,2025-08-19
17–18 Aug,YouGov,The Times/Sky News,GB,2394.0,21,18,28,15,10,3,1,4,7,2025-08-18
15–18 Aug,More in Common,,GB,2000.0,21,20,30,13,8,3,1,5,9,2025-08-18
14–18 Aug,Lord Ashcroft Polls,,GB,5029.0,23,20,27,10,11,2,1,7,4,2025-08-18
13–14 Aug,Find Out Now,,GB,2513.0,19,19,31,12,10,3,1,6,12,2025-08-14
10–11 Aug,YouGov,The Times/Sky News,GB,2501.0,21,17,28,16,10,3,1,5,7,2025-08-11
8–11 Aug,More in Common,,GB,2015.0,22,22,30,13,6,2,0,4,8,2025-08-11
6–8 Aug,Opinium,The Observer,GB,2050.0,22,17,31,13,9,3,1,4,9,2025-08-08
6 Aug,Find Out Now,,GB,2627.0,20,16,32,12,9,2,1,7,12,2025-08-06
3–4 Aug,YouGov,The Times/Sky News,GB,2472.0,21,17,27,15,11,3,1,4,6,2025-08-04
1–3 Aug,More in Common,,GB,2042.0,22,18,31,14,7,3,1,4,9,2025-08-03
1–3 Aug,Freshwater Strategy,City AM,GB,1259.0,22,18,33,14,6,3,—,3,11,2025-08-03
16 Jul – 3 Aug,Stack Data Strategy,Conservative Party (alleged[c]),GB,9301.0,25,16,31,12,9,3,1,4 Ind 2 Others 2,5,2025-08-03
29–31 Jul,BMG Research,The i Paper,GB,1528.0,23,18,32,13,8,2,1,3,9,2025-07-31
30 Jul,Find Out Now,,GB,2654.0,20,17,30,13,9,2,1,7,10,2025-07-30
27–28 Jul,YouGov,The Times/Sky News,GB,2208.0,22,17,29,14,11,3,1,4,7,2025-07-28
26–28 Jul,More in Common,,GB,2153.0,23,20,29,13,7,3,1,5,6,2025-07-28
23–25 Jul,Opinium,The Observer,GB,2050.0,25,17,32,13,8,3,1,2,7,2025-07-25
23 Jul,Find Out Now,,GB,2651.0,20,16,34,14,10,3,1,4,14,2025-07-23
20–21 Jul,YouGov,The Times/Sky News,GB,2273.0,23,17,27,15,11,3,1,3,4,2025-07-21
18–20 Jul,More in Common,,GB,2153.0,22,21,29,15,8,2,1,2,7,2025-07-20
17–18 Jul,JL Partners,The Telegraph,GB,2035.0,23,17,29,14,9,3,1,5,6,2025-07-18
14–18 Jul,Focaldata,,GB,1271.0,23,19,27,14,9,2,1,5,4,2025-07-18
16 Jul,Find Out Now,,GB,2603.0,20,17,30,13,12,2,1,4,10,2025-07-16
13–14 Jul,YouGov,The Times/Sky News,GB,2209.0,22,17,28,16,12,3,1,3,6,2025-07-14
11–14 Jul,More in Common,,GB,2311.0,24,20,27,13,9,3,1,3,3,2025-07-14
9–11 Jul,Opinium,The Observer,GB,2052.0,24,18,29,13,9,3,1,3,5,2025-07-11
9–10 Jul,Find Out Now,MultiComms Ltd,GB,1308.0,21,16,34,11,11,3,1,4,13,2025-07-10
9–10 Jul,Techne,,UK,1628.0,22,18,29,16,9,2,—,4,7,2025-07-10
9 Jul,Find Out Now,,GB,2651.0,22,19,31,13,9,2,1,4,9,2025-07-09
6–7 Jul,YouGov,The Times/Sky News,GB,2513.0,24,16,26,15,11,3,1,3,2,2025-07-07
4–7 Jul,More in Common,,GB,2084.0,24,19,29,14,7,3,1,3,5,2025-07-07
4–7 Jul,More in Common,,GB,2084.0,25,20,28,14,7,3,1,3,3,2025-07-07
4–6 Jul,Freshwater Strategy,City AM,GB,1259.0,23,19,31,16,6,3,—,2,8,2025-07-06
2 Jul,Find Out Now,,GB,2604.0,22,16,30,15,11,3,1,3,8,2025-07-02
29–30 Jun,YouGov,The Times/Sky News,GB,2392.0,24,17,26,16,10,3,1,2,2,2025-06-30
27–30 Jun,More in Common,,GB,2532.0,24,19,29,12,9,3,1,3,5,2025-06-30
26–30 Jun,Lord Ashcroft Polls,,GB,5018.0,23,20,27,11,13,3,1,3,4,2025-06-30
13–30 Jun,More in Common,,GB,11282.0,22,21,28,15,8,3,1,2,6,2025-06-30
25–27 Jun,Survation,,UK,1700.0,26,19,27,12,8,3,1,4,1,2025-06-27
25–27 Jun,Opinium,The Observer,GB,2050.0,25,17,30,12,9,2,1,3,5,2025-06-27
25–26 Jun,Techne,,UK,1628.0,23,18,28,16,8,3,—,4,5,2025-06-26
25 Jun,Find Out Now,,GB,2605.0,22,18,30,13,11,3,1,2,8,2025-06-25
24–25 Jun,BMG Research,The i Paper,GB,1617.0,27,19,30,12,7,2,1,2,3,2025-06-25
22–23 Jun,YouGov,The Times/Sky News,GB,1794.0,23,17,27,16,10,3,1,3,4,2025-06-23
20–23 Jun,More in Common,,GB,2004.0,23,20,27,14,9,3,1,3,4,2025-06-23
18 Jun,Find Out Now,,GB,2628.0,23,16,31,12,11,3,1,2,8,2025-06-18
29 May – 18 Jun,YouGov,The Times/Sky News,GB,17227.0,23,17,27,15,11,3,1,2,4,2025-06-18
29 May – 18 Jun,YouGov,,GB,11500.0,23,18,26,15,11,3,1,2,3,2025-06-18
10–17 Jun,Find Out Now/ Electoral Calculus,PLMR,GB,5444.0,22,19,31,13,9,3,1,4,9,2025-06-17
15–16 Jun,YouGov,The Times/Sky News,GB,2255.0,24,17,27,15,10,4,1,2,3,2025-06-16
13–16 Jun,More in Common,,GB,2032.0,21,22,29,13,9,3,1,4,7,2025-06-16
11–13 Jun,Opinium,The Observer,GB,2050.0,24,18,30,12,9,3,1,3,6,2025-06-13
11 Jun,Find Out Now,,GB,2651.0,24,16,30,13,11,3,1,2,6,2025-06-11
10–11 Jun,Survation,Rogan Productions,UK,2010.0,25,21,27,12,7,3,1,4,2,2025-06-11
8–9 Jun,YouGov,The Times/Sky News,GB,2196.0,23,17,29,15,10,3,2,1,6,2025-06-09
6–9 Jun,More in Common,,GB,2073.0,24,20,28,14,7,3,1,3,4,2025-06-09
6–8 Jun,Freshwater Strategy,City AM,GB,1260.0,21,21,32,14,8,2,—,2,11,2025-06-08
4–5 Jun,Techne,,UK,1628.0,23,17,31,15,8,2,—,4,8,2025-06-05
4 Jun,Find Out Now,,GB,1962.0,22,16,31,15,11,3,1,2,9,2025-06-04
30 May – 4 Jun,Ipsos,,GB,1180.0,25,15,34,11,9,4,1,1,9,2025-06-04
1–2 Jun,YouGov,The Times/Sky News,GB,2240.0,22,18,28,17,9,3,1,2,6,2025-06-02
30 May – 2 Jun,More in Common,,GB,2016.0,23,21,28,14,8,2,1,3,5,2025-06-02
30 May – 2 Jun,Survation,,UK,916.0,24,20,27,13,8,3,2,3,3,2025-06-02
29 May – 2 Jun,Lord Ashcroft Polls,,GB,5147.0,23,18,27,13,13,2,1,3,4,2025-06-02
28–30 May,Opinium,The Observer,GB,2050.0,25,17,31,11,10,2,1,2,6,2025-05-30
28–29 May,BMG Research,The i Paper,GB,1510.0,24,18,31,13,9,3,0,2,7,2025-05-29
28–29 May,Techne,,UK,1647.0,22,16,31,16,9,2,—,4,9,2025-05-29
28 May,Find Out Now,,GB,2447.0,22,16,32,13,11,3,1,2,10,2025-05-28
26–27 May,YouGov,The Times/Sky News,GB,2013.0,21,19,29,15,11,2,1,2,8,2025-05-27
23–26 May,More in Common,,GB,2000.0,22,19,31,14,8,2,1,3,9,2025-05-26
21–22 May,Techne,,UK,1641.0,22,17,30,16,9,2,—,4,8,2025-05-22
21 May,Find Out Now,,GB,2501.0,21,16,32,14,11,2,1,2,11,2025-05-21
18–19 May,YouGov,The Times/Sky News,GB,2222.0,22,16,29,17,10,2,1,2,7,2025-05-19
16–19 May,More in Common,,GB,2090.0,22,21,30,14,8,2,1,1,8,2025-05-19
14–16 May,Opinium,The Observer,GB,2050.0,25,18,29,13,10,2,1,3,4,2025-05-16
14–15 May,Techne,,UK,1645.0,22,18,29,15,9,2,—,5,7,2025-05-15
14 May,Find Out Now,,GB,2557.0,21,16,33,14,11,3,1,2,12,2025-05-14
11–12 May,YouGov,The Times/Sky News,GB,2310.0,23,18,28,16,9,3,1,3,5,2025-05-12
10–12 May,More in Common,,GB,2094.0,25,20,28,14,8,2,1,1,3,2025-05-12
9–11 May,Freshwater Strategy,City AM,GB,1250.0,22,19,32,15,8,3,—,2,10,2025-05-11
7–8 May,Techne,,UK,1635.0,23,19,28,14,8,3,—,5,5,2025-05-08
6–8 May,BMG Research,The i Paper,GB,1525.0,22,19,32,13,9,3,0,2,10,2025-05-08
7 May,Find Out Now,,GB,2210.0,20,16,33,15,11,3,1,1,13,2025-05-07
5–6 May,YouGov,The Times/Sky News,GB,2187.0,22,17,29,16,10,3,1,1,7,2025-05-06
2–5 May,Survation,True North Advisors,UK,2032.0,25,18,30,13,7,3,1,3,5,2025-05-05
3–4 May,More in Common,,GB,2212.0,23,21,27,15,8,3,1,3,4,2025-05-04
30 Apr – 2 May,Opinium,The Observer,GB,2050.0,26,19,27,13,9,3,1,2,1,2025-05-02
30 Apr – 2 May,Survation,,UK,1056.0,26,22,26,12,7,3,0,3,Tie,2025-05-02
30 Apr,Find Out Now,,GB,1990.0,21,19,29,13,11,3,1,3,8,2025-04-30
27–28 Apr,YouGov,The Times/Sky News,GB,2214.0,23,20,26,15,9,3,1,2,3,2025-04-28
25–27 Apr,More in Common,,GB,2009.0,24,23,24,15,8,2,1,4,Tie,2025-04-27
23–25 Apr,Opinium,The Observer,GB,2050.0,26,21,26,11,9,3,1,2,Tie,2025-04-25
23–24 Apr,Techne,,UK,1642.0,25,21,25,14,8,2,—,5,Tie,2025-04-24
23 Apr,Find Out Now,,GB,2139.0,20,20,28,14,13,3,0,2,8,2025-04-23
21–22 Apr,YouGov,The Times/Sky News,GB,2012.0,23,20,25,16,10,3,1,2,2,2025-04-22
17–21 Apr,More in Common,,GB,2004.0,23,23,25,14,8,3,1,4,2,2025-04-21
16 Apr,Find Out Now,,GB,2288.0,22,20,28,14,10,3,1,3,6,2025-04-16
13–14 Apr,YouGov,The Times/Sky News,GB,2399.0,24,21,23,14,11,3,1,2,1,2025-04-14
11–14 Apr,More in Common,,GB,2277.0,24,23,24,14,8,3,1,4,Tie,2025-04-14
11–14 Apr,Focaldata,,GB,1585.0,24,24,23,13,9,2,1,4,Tie,2025-04-14
10–14 Apr,Lord Ashcroft Polls,,GB,5263.0,27,24,21,10,11,3,1,3,3,2025-04-14
8–14 Apr,Verian,,GB,1285.0,25,19,24,16,9,3,2,3,1,2025-04-14
9–11 Apr,Opinium,The Observer,GB,2050.0,27,22,26,12,7,3,1,3,1,2025-04-11
9–10 Apr,Techne,,UK,1644.0,24,22,24,15,8,2,—,5,Tie,2025-04-10
9 Apr,Find Out Now,,GB,2546.0,22,21,26,14,11,3,1,3,4,2025-04-09
6–7 Apr,YouGov,The Times/Sky News,GB,2402.0,24,22,23,17,9,3,1,2,1,2025-04-07
4–7 Apr,More in Common,,GB,2058.0,24,23,24,17,7,2,0,1,Tie,2025-04-07
4–6 Apr,Freshwater Strategy,City AM,GB,1250.0,22,27,28,14,5,2,—,3,1,2025-04-06
2–3 Apr,Techne,,UK,1631.0,24,23,24,13,8,3,—,5,Tie,2025-04-03
2 Apr,Find Out Now,,GB,2768.0,22,20,28,13,11,3,1,3,6,2025-04-02
14 Mar – 1 Apr,More in Common,,GB,16176.0,24,24,24,13,8,2,1,4,Tie,2025-04-01
30–31 Mar,YouGov,The Times/Sky News,GB,2392.0,24,21,23,14,11,3,1,3,1,2025-03-31
28–31 Mar,More in Common,,GB,2081.0,21,26,25,13,7,2,1,4,1,2025-03-31
26–28 Mar,Opinium,The Observer,GB,2050.0,26,22,26,12,8,3,1,2,Tie,2025-03-28
21–28 Mar,Find Out Now/ Electoral Calculus,PLMR[312],GB,5180.0,24,22,27,12,10,3,1,3,3,2025-03-28
26–27 Mar,BMG Research,The i Paper[314],GB,1544.0,26,24,23,14,8,3,1,1,2,2025-03-27
26–27 Mar,Techne,,UK,1642.0,25,23,24,14,8,2,—,4,1,2025-03-27
26 Mar,Find Out Now,,GB,2745.0,23,22,26,12,11,3,1,2,3,2025-03-26
23–24 Mar,YouGov,The Times/Sky News,GB,2333.0,23,22,22,16,10,3,1,3,1,2025-03-24
22–24 Mar,More in Common,,GB,2432.0,24,25,24,12,10,3,1,3,1,2025-03-24
19–21 Mar,Opinium,The Observer,GB,2078.0,26,21,26,13,8,3,1,3,Tie,2025-03-21
19–20 Mar,Techne,,UK,1644.0,27,23,23,14,7,2,—,4,4,2025-03-20
19 Mar,Find Out Now,,GB,2770.0,22,21,27,14,11,3,1,2,5,2025-03-19
16–17 Mar,YouGov,The Times/Sky News,GB,2315.0,26,22,24,14,9,3,1,2,2,2025-03-17
14–17 Mar,Deltapoll,,GB,1974.0,25,25,23,11,9,3,1,2,Tie,2025-03-17
14–17 Mar,More in Common,,GB,2432.0,25,24,25,12,7,2,1,4,Tie,2025-03-17
13–17 Mar,Lord Ashcroft Polls,,GB,5111.0,30,24,19,9,11,2,1,4,6,2025-03-17
12–13 Mar,Techne,,UK,1638.0,27,22,24,14,7,2,—,4,3,2025-03-13
12 Mar,Find Out Now,,GB,2686.0,24,21,27,11,10,3,1,2,3,2025-03-12
9–10 Mar,YouGov,The Times/Sky News,GB,2291.0,24,22,23,15,9,3,1,3,1,2025-03-10
7–10 Mar,More in Common,,GB,2041.0,25,23,25,14,8,2,1,2,Tie,2025-03-10
6–9 Mar,JL Partners,The Sun,GB,2012.0,26,24,23,14,7,3,1,3,2,2025-03-09
5–7 Mar,Opinium,The Observer,GB,1498.0,28,20,27,12,8,3,1,2,1,2025-03-07
5–6 Mar,Techne,,UK,1632.0,28,21,25,13,7,2,—,4,3,2025-03-06
5 Mar,Find Out Now,,GB,2670.0,25,21,26,12,10,3,1,2,1,2025-03-05
2–3 Mar,YouGov,The Times,GB,2222.0,26,21,25,14,9,3,1,2,1,2025-03-03
1–2 Mar,Freshwater Strategy,City AM,GB,1215.0,24,23,27,15,7,3,—,2,3,2025-03-02
28 Feb – 2 Mar,More in Common,,GB,2010.0,26,24,24,13,7,2,1,2,2,2025-03-02
26–28 Feb,Focaldata,,GB,1008.0,24,22,21,14,8,3,1,5,2,2025-02-28
26–27 Feb,Techne,,UK,1643.0,26,22,25,13,8,2,—,4,1,2025-02-27
26 Feb,Find Out Now,,GB,3363.0,23,21,28,13,10,3,1,1,5,2025-02-26
25–26 Feb,BMG Research,The i Paper,GB,1586.0,26,22,27,12,8,3,1,1,1,2025-02-26
23–24 Feb,YouGov,Sky News / The Times,GB,2415.0,24,22,25,16,8,3,1,2,1,2025-02-24
21–24 Feb,More in Common,,GB,2013.0,23,25,24,16,8,2,0,2,1,2025-02-24
19–21 Feb,Opinium,The Observer,GB,2050.0,28,21,26,12,8,3,0,2,2,2025-02-21
19–20 Feb,Techne,,UK,1639.0,25,22,26,12,7,3,—,5,1,2025-02-20
19 Feb,Find Out Now,,GB,2393.0,24,20,28,12,10,2,1,2,4,2025-02-19
14–18 Feb,More in Common,,GB,4101.0,25,23,26,12,7,2,1,3,1,2025-02-18
16–17 Feb,YouGov,,GB,2436.0,25,21,27,14,9,3,1,1,2,2025-02-17
13–17 Feb,Lord Ashcroft Polls,,GB,5099.0,27,23,23,9,11,2,1,3,4,2025-02-17
12–13 Feb,Techne,,UK,1637.0,26,22,25,12,8,2,—,5,1,2025-02-13
12 Feb,Find Out Now,,GB,3421.0,23,21,29,12,9,3,1,2,6,2025-02-12
9–10 Feb,YouGov,,GB,2419.0,25,21,26,14,9,3,1,1,1,2025-02-10
7–10 Feb,More in Common,,GB,2005.0,25,23,25,12,8,2,1,3,Tie,2025-02-10
5–7 Feb,Opinium,The Observer,GB,1493.0,27,22,26,11,8,3,1,2,1,2025-02-07
5–6 Feb,Techne,,UK,1645.0,25,23,25,13,7,2,—,5,Tie,2025-02-06
5 Feb,Find Out Now,,GB,2487.0,25,18,29,13,10,3,1,2,4,2025-02-05
2–3 Feb,YouGov,Sky News[357],GB,2465.0,24,21,25,14,9,3,1,2,1,2025-02-03
31 Jan – 3 Feb,More in Common,,GB,2044.0,24,26,24,13,6,3,1,3,2,2025-02-03
31 Jan – 2 Feb,Freshwater Strategy,City AM,GB,1200.0,29,28,22,9,7,3,—,2,1,2025-02-02
29–30 Jan,Techne,,UK,1633.0,26,23,24,12,7,3,—,5,2,2025-01-30
29 Jan,Find Out Now,,GB,2487.0,23,21,27,11,10,3,1,3,4,2025-01-29
28–29 Jan,BMG Research,The i Paper,GB,1514.0,25,25,24,14,8,3,1,1,Tie,2025-01-29
28–29 Jan,Survation,,UK,1670.0,27,22,24,13,8,3,1,4,3,2025-01-29
26–27 Jan,YouGov,The Times,GB,2523.0,27,22,23,14,9,3,1,2,4,2025-01-27
24–27 Jan,More in Common,,GB,2009.0,25,24,25,13,7,2,1,3,Tie,2025-01-27
22–29 Jan,Find Out Now/ Electoral Calculus,PLMR,GB,5743.0,23,23,24,11,8,3,1,6,1,2025-01-29
22–24 Jan,Opinium,The Observer,GB,2050.0,28,21,27,11,8,3,1,2,1,2025-01-24
22–23 Jan,Whitestone Insight,Daily Express,GB,2012.0,25,20,24,12,13,3,1,2,1,2025-01-23
22–23 Jan,Techne,,UK,1643.0,25,24,24,13,7,2,—,5,1,2025-01-23
22 Jan,Find Out Now,,GB,2380.0,22,23,26,12,10,3,1,3,3,2025-01-22
19–20 Jan,YouGov,The Times,GB,2466.0,26,22,24,14,9,3,1,2,2,2025-01-20
17–20 Jan,More in Common,,GB,2016.0,24,25,25,12,7,3,1,3,Tie,2025-01-20
17–20 Jan,Deltapoll,Institute for Government,GB,1500.0,29,25,22,11,8,3,—,2,4,2025-01-20
16–20 Jan,Lord Ashcroft Polls,,GB,5251.0,28,25,20,11,9,3,0,3,3,2025-01-20
15–16 Jan,Techne,,UK,1624.0,26,25,23,12,7,2,—,5,1,2025-01-16
15 Jan,Find Out Now,,GB,2386.0,24,25,25,12,10,3,1,2,Tie,2025-01-15
10–14 Jan,JL Partners,The Sunday Times,GB,2007.0,26,25,22,13,9,2,1,3,1,2025-01-14
12–13 Jan,YouGov,The Times,GB,2279.0,26,22,25,14,8,3,1,2,1,2025-01-13
10–13 Jan,More in Common,,GB,1587.0,24,25,24,12,8,3,1,3,1,2025-01-13
8–10 Jan,Opinium,The Observer,GB,2050.0,29,23,24,10,9,2,1,2,5,2025-01-10
8 Jan,Find Out Now,,GB,2076.0,25,20,25,11,11,3,1,2,Tie,2025-01-08
6–8 Jan,More in Common,,GB,2011.0,26,26,22,12,7,3,1,2,Tie,2025-01-08
4–6 Jan,Freshwater Strategy,City AM,GB,1207.0,28,29,23,12,5,3,—,1,1,2025-01-06
30 Dec – 3 Jan,Deltapoll,Mail on Sunday,GB,1532.0,30,23,22,12,9,3,1,1,7,2025-01-03
